<?xml version="1.0" encoding="UTF-8"?>
<TestSettings id="a05693ab-1f36-4a5e-bc6a-f89f25669e73" name="Full diagnostic" xmlns="http://microsoft.com/schemas/VisualStudio/TeamTest/2010">
  <Description>Full diagnostic</Description>
  <Execution>
    <TestTypeSpecific />
    <AgentRule name="Local">
      <SelectionCriteria>
        <AgentProperty name="__Test Environment" value="__Placeholder_TestEnvironmentName" />
        <AgentProperty name="__Machine Role" value="Local" />
      </SelectionCriteria>
      <DataCollectors>
        <DataCollector friendlyName="System Information" assemblyQualifiedName="Microsoft.VisualStudio.TestTools.DataCollection.SystemInfo.SystemInfoDataCollector, Microsoft.VisualStudio.TestTools.DataCollection.SystemInfo, Version=12.0.0.0, Culture=neutral, PublicKeyToken=b03f5f7f11d50a3a" uri="datacollector://microsoft/SystemInfo/1.0"/>
        <DataCollector friendlyName="Screen and Voice Recorder" assemblyQualifiedName="Microsoft.VisualStudio.TestTools.DataCollection.VideoRecorder.VideoRecorderDataCollector, Microsoft.VisualStudio.TestTools.DataCollection.VideoRecorder, Version=12.0.0.0, Culture=neutral, PublicKeyToken=b03f5f7f11d50a3a" uri="datacollector://microsoft/VideoRecorder/1.0"/>
        <DataCollector friendlyName="Action Log" assemblyQualifiedName="Microsoft.VisualStudio.TestTools.ManualTest.ActionLog.ActionLogPlugin, Microsoft.VisualStudio.TestTools.ManualTest.ActionLog, Version=12.0.0.0, Culture=neutral, PublicKeyToken=b03f5f7f11d50a3a" uri="datacollector://microsoft/ActionLog/1.0"/>
      </DataCollectors>
    </AgentRule>
  </Execution>
  <Properties />
</TestSettings>
